Column Labels,,,,,,,,,,,,,,,,,,,,
1-2 Family Dwelling,1-2 Family Mixed Use Building,3+ Family Apt. Building,3+ Family Mixed Use Building,Catch Basin/Sewer,Commercial Building,Construction Site,Day Care/Nursery,Government Building,Hospital,Office Building,Other (Explain Below),Parking Lot/Garage,Public Garden,Public Stairs,School/Pre-School,Single Room Occupancy (SRO),Summer Camp,Vacant Building,Vacant Lot,Grand Total
,,,,,,,,,,,,,,,,,,,,
,,,,,,,,,,,,,,,,,,,,
,,,,,,,,,,,,,,,,,,,,
Row Labels,Count of Unique Key,,,,,,,,,,,,,,,,,,,
3+ Family Apt. Building,16307,,,,,,,,,,,,,,,,,,,
1-2 Family Dwelling,7922,,,,,,,,,,,,,,,,,,,
Commercial Building,2371,,,,,,,,,,,,,,,,,,,
3+ Family Mixed Use Building,2263,,,,,,,,,,,,,,,,,,,
Vacant Lot,877,,,,,,,,,,,,,,,,,,,
Construction Site,743,,,,,,,,,,,,,,,,,,,
1-2 Family Mixed Use Building,601,,,,,,,,,,,,,,,,,,,
Vacant Building,523,,,,,,,,,,,,,,,,,,,
Parking Lot/Garage,426,,,,,,,,,,,,,,,,,,,
Catch Basin/Sewer,213,,,,,,,,,,,,,,,,,,,
Public Garden,130,,,,,,,,,,,,,,,,,,,
Government Building,81,,,,,,,,,,,,,,,,,,,
Single Room Occupancy (SRO),46,,,,,,,,,,,,,,,,,,,
Day Care/Nursery,44,,,,,,,,,,,,,,,,,,,
School/Pre-School,41,,,,,,,,,,,,,,,,,,,
Office Building,41,,,,,,,,,,,,,,,,,,,
Public Stairs,25,,,,,,,,,,,,,,,,,,,
Hospital,16,,,,,,,,,,,,,,,,,,,
Grand Total,32670,,,,,,,,,,,,,,,,,,,
